Name,Band,rotation,pitch,Chiralty,arms
NGC4450,r,22.03520617313717,31.320839884253676,CW,2
NGC4501,g,21.456474559922754,33.61323438630335,CCW,3
NGC4501,i,3.2264287436700556,19.93050470219436,CCW,4
NGC4501,r,-14.568813232696357,17.805762485948293,CCW,3
